generated_at,eps_equal,eps_near,n_rows_total,n_both,n_exact_equal,frac_exact_equal,n_near_equal,frac_near_equal,p0,p25,p50,p75,p90,p99,p100
2026-01-15T05:52:51.512698,0.000000001000,0.000001000000,288,288,102,0.354166666667,102,0.354166666667,0.000000000001,0.000000000001,0.486132812500,0.536635068228,0.538733244777,0.999999999999,0.999999999999
