dataset,method,epsilon,repaired_flag,synth_kind,utility_mean,utility_std,utility_main_n,utility_acc_mean,utility_acc_std,tstr_acc_n,mia_auc_mean,mia_auc_std,mia_auc_n,knn_mia_auc_mean,knn_mia_auc_std,knn_mia_auc_n,mia_adv_fix_mean,mia_adv_fix_std,mia_adv_fix_n,knn_mia_adv_fix_mean,knn_mia_adv_fix_std,knn_mia_adv_fix_n,corr_mean,corr_std,pearson_mad_n,n_seeds,utility_winner,privacy_winner,pareto_winner,delta_vs_baseline_utility,delta_vs_baseline_privacy
B,DP-Diffusion,3.000000000000,,,0.500000000000,0.000000000000,3,0.496875000000,0.000000000000,3,,,0,0.500907671679,0.003980062240,3,,,0,0.002663309861,0.002537098367,3,0.028261918733,0.000622303640,3,1,1,0,0,0.004043126685,
B,DP-Diffusion+DP-CR,5.000000000000,False,,0.500000000000,0.000000000000,3,0.496875000000,0.000000000000,3,0.498612644779,,1,0.499991103543,0.003771075066,3,0.001387355221,,1,0.002896899376,0.001277922880,3,0.028261918733,0.000622303640,3,1,1,0,0,0.004043126685,
B,DP-Diffusion+DP-CR,5.000000000000,True,,0.492988007344,0.013177220112,3,0.493750000000,0.013621559199,3,0.498612644779,,1,0.502216503477,0.001628705103,3,0.001387355221,,1,0.002216503477,0.001628705103,3,0.026780702634,0.000184186346,3,1,0,0,0,-0.002968865971,
B,SDV-CTGAN,,,,0.495956873315,0.010146340256,5,0.495000000000,0.010504835196,5,,,0,0.502702800326,0.001285083752,5,,,0,0.002702800326,0.001285083752,5,0.038968147145,0.001902718702,5,1,0,0,0,0.000000000000,
B,SDV-GaussianCopula,,,,0.457967108090,0.000000000000,5,0.459375000000,0.000000000000,5,,,0,0.502612294045,0.001464603942,5,,,0,0.002612294045,0.001464603942,5,0.031081046870,0.000000000000,5,1,0,0,0,-0.037989765225,
B,SDV-TVAE,,,,0.480124223602,0.038671083694,5,0.480625000000,0.038616200454,5,,,0,0.501723209447,0.001452967666,5,,,0,0.001723209447,0.001452967666,5,0.048764969555,0.000571651935,5,1,0,0,0,-0.015832649713,
