dataset,method,utility_main_mean,utility_main_std,utility_main_n,tstr_f1macro_mean,tstr_f1macro_std,tstr_f1macro_n,privacy_main_mean,privacy_main_std,privacy_main_n,pearson_mad_mean,pearson_mad_std,pearson_mad_n,mia_auc_mean,mia_auc_std,mia_auc_n,knn_mia_auc_mean,knn_mia_auc_std,knn_mia_auc_n,mia_adv_fix_mean,mia_adv_fix_std,mia_adv_fix_n,knn_mia_adv_fix_mean,knn_mia_adv_fix_std,knn_mia_adv_fix_n,privacy_adv_primary_mean,privacy_adv_primary_std,privacy_adv_primary_n
B,DP-Diffusion,0.500000000000,0.000000000000,3,0.331941544885,0.000000000000,3,0.002663309861,0.002537098367,3,0.028261918733,0.000622303640,3,,,0,0.500907671679,0.003980062240,3,,,0,0.002663309861,0.002537098367,3,0.002663309861,0.002537098367,3
B,DP-Diffusion+DP-CR,0.496494003672,0.009176386230,6,0.406428652779,0.081881703160,6,0.002556701426,0.001361318645,6,0.027521310684,0.000909216647,6,0.498612644779,0.000000000000,2,0.501103803510,0.002869703198,6,0.001387355221,0.000000000000,2,0.002556701426,0.001361318645,6,0.002556701426,0.001361318645,6
B,SDV-CTGAN,0.495956873315,0.010146340256,5,0.415623971900,0.051563699739,5,0.002702800326,0.001285083752,5,0.038968147145,0.001902718702,5,,,0,0.502702800326,0.001285083752,5,,,0,0.002702800326,0.001285083752,5,0.002702800326,0.001285083752,5
B,SDV-GaussianCopula,0.457967108090,0.000000000000,5,0.429695789680,0.000000000000,5,0.002612294045,0.001464603942,5,0.031081046870,0.000000000000,5,,,0,0.502612294045,0.001464603942,5,,,0,0.002612294045,0.001464603942,5,0.002612294045,0.001464603942,5
B,SDV-TVAE,0.480124223602,0.038671083694,5,0.476702876066,0.039715411334,5,0.001723209447,0.001452967666,5,0.048764969555,0.000571651935,5,,,0,0.501723209447,0.001452967666,5,,,0,0.001723209447,0.001452967666,5,0.001723209447,0.001452967666,5
