dataset,n_pairs,delta_tstr_balacc_mean,delta_tstr_balacc_ci95_low,delta_tstr_balacc_ci95_high,delta_privacy_mean,delta_privacy_ci95_low,delta_privacy_ci95_high,delta_pearson_mad_mean,delta_pearson_mad_ci95_low,delta_pearson_mad_ci95_high
A,61,-0.048537447766,-0.091806768220,-0.005268127311,-4.481295351601,-4.481872523605,-4.480718179596,-0.001273721170,-0.002742657645,0.000195215306
B,6,-0.009040066669,-0.015317778737,-0.002762354602,-4.398032511256,-4.400356923520,-4.395708098992,-0.001319164879,-0.001611840124,-0.001026489633
C,4,-0.001704545454,-0.005045454545,0.001636363636,-4.290919724585,-4.297636698450,-4.284202750719,-0.069906360065,-0.070720273607,-0.069092446523
