dataset,best_dp_method,best_overall_method,best_non_dp_method,dp_utility_mean,dp_utility_std,dp_utility_ci_lo,dp_utility_ci_hi,dp_privacy_mean,dp_privacy_std,dp_privacy_ci_lo,dp_privacy_ci_hi,dp_mia_auc_mean,dp_knn_mia_auc_mean,dp_mia_adv_mean_fix,dp_knn_mia_adv_mean_fix,overall_utility_mean,overall_privacy_mean,overall_mia_auc_mean,overall_knn_mia_auc_mean,overall_mia_adv_mean_fix,overall_knn_mia_adv_mean_fix,delta_dp_vs_best_non_dp_utility,delta_dp_vs_best_non_dp_privacy,winner_label
A,DP-Diffusion,DP-Diffusion,,0.500000000000,0.000000000000,0.500000000000,0.500000000000,4.884375746682,0.003486533646,4.883550143072,4.885256525250,0.551211361738,0.517745818742,0.129741019215,0.042444677575,0.500000000000,4.884375746682,0.551211361738,0.517745818742,0.129741019215,0.042444677575,,,DP wins
B,DP-Diffusion,DP-Diffusion,,0.500000000000,0.000000000000,0.500000000000,0.500000000000,5.140883696003,0.002901221776,5.138840470638,5.142954542785,0.499719452058,0.499879612443,0.000280547942,0.004737007576,0.500000000000,5.140883696003,0.499719452058,0.499879612443,0.000280547942,0.004737007576,,,DP wins
C,DP-Diffusion+DP-CR,DP-Diffusion+DP-CR,,0.340530303030,0.023967833633,0.334399551066,0.346984076880,0.816877951925,0.004528227342,0.815755711194,0.818093772800,0.851851851852,,0.500000000000,,0.340530303030,0.816877951925,0.851851851852,,0.500000000000,,,,DP wins
