dataset,method,epsilon,repaired_flag,synth_kind,utility_mean,utility_std,utility_main_n,utility_acc_mean,utility_acc_std,tstr_acc_n,privacy_mean,privacy_std,privacy_main_n,mia_auc_mean,mia_auc_std,mia_auc_n,knn_mia_auc_mean,knn_mia_auc_std,knn_mia_auc_n,mia_adv_fix_mean,mia_adv_fix_std,mia_adv_fix_n,knn_mia_adv_fix_mean,knn_mia_adv_fix_std,knn_mia_adv_fix_n,corr_mean,corr_std,pearson_mad_n,n_seeds,utility_winner,privacy_winner,pareto_winner,delta_vs_baseline_utility,delta_vs_baseline_privacy
B,DP-Diffusion,1.000000000000,,,0.500000000000,0.000000000000,3,0.498958333333,0.003608439182,3,5.143303734763,0.001624757394,3,,,0,,,0,,,0,,,0,0.028275183118,0.000193209350,3,3,0,1,0,-0.011934059924,
B,DP-Diffusion,3.000000000000,,,0.500000000000,0.000000000000,3,0.498958333333,0.003608439182,3,5.138463657243,0.000912754123,3,0.499719452058,,1,0.499879612443,0.006461000206,3,0.000280547942,,1,0.004737007576,0.002847350040,3,0.028261918733,0.000622303640,3,3,0,0,0,-0.011934059924,
B,DP-Diffusion+DP-CR,1.500000000000,True,,0.491484042345,0.010195841731,3,0.492708333333,0.010045469543,3,0.742711184386,0.000606116252,3,,,0,,,0,,,0,,,0,0.027118069459,0.000141836645,3,3,0,0,0,-0.020450017579,
B,DP-Diffusion+DP-CR,5.000000000000,True,,0.490435824316,0.007007185081,3,0.491666666667,0.006505206248,3,0.742991185107,0.000309092781,3,0.500371330781,0.002159715794,3,0.501439347779,0.000942880196,3,0.001483266224,0.001253428937,3,0.001439347779,0.000942880196,3,0.026780702634,0.000184186346,3,3,0,0,0,-0.021498235608,
B,SDV-CTGAN,,,,0.511934059924,0.019820552260,5,0.512500000000,0.019390115072,5,,,0,0.000000000000,0.000000000000,2,0.502422033890,0.001623675226,5,0.500000000000,0.000000000000,2,0.002422033890,0.001623675226,5,0.038968147145,0.001902718702,5,5,1,0,0,0.000000000000,
B,SDV-GaussianCopula,,,,0.454509941795,0.000000000000,5,0.456250000000,0.000000000000,5,,,0,0.000000000000,,1,0.503056949979,0.000676919242,5,0.500000000000,,1,0.003056949979,0.000676919242,5,0.031081046870,0.000000000000,5,5,0,0,0,-0.057424118130,
B,SDV-TVAE,,,,0.481636001406,0.032368845901,5,0.482500000000,0.032370535406,5,,,0,0.000000000000,,1,0.501370670390,0.002528150514,5,0.500000000000,,1,0.002552559434,0.000771697538,5,0.048764969555,0.000571651935,5,5,0,0,0,-0.030298058518,
B,UNKNOWN,,,,0.492909879292,0.023160635679,5,0.495000000000,0.023758222261,5,,,0,,,0,0.498581572492,0.003472331409,5,,,0,0.003122675130,0.001543739356,5,0.035430827268,0.009561148615,5,5,0,0,0,-0.019024180632,
