dataset,method,utility_main_mean,utility_main_std,utility_main_n,tstr_f1macro_mean,tstr_f1macro_std,tstr_f1macro_n,privacy_main_mean,privacy_main_std,privacy_main_n,pearson_mad_mean,pearson_mad_std,pearson_mad_n,mia_auc_mean,mia_auc_std,mia_auc_n,knn_mia_auc_mean,knn_mia_auc_std,knn_mia_auc_n,mia_adv_fix_mean,mia_adv_fix_std,mia_adv_fix_n,knn_mia_adv_fix_mean,knn_mia_adv_fix_std,knn_mia_adv_fix_n,privacy_adv_primary_mean,privacy_adv_primary_std,privacy_adv_primary_n
A,DP-Diffusion,0.500000000000,0.000000000000,62,0.343165649520,0.055097635193,62,4.884375746682,0.003486533646,62,0.388751490074,0.003897033473,62,0.551211361738,0.197698233115,8,0.517745818742,0.045697525526,8,0.129741019215,0.151143787581,8,0.042444677575,0.019729435228,8,4.884375746682,0.003486533646,62
B,DP-Diffusion,0.500000000000,0.000000000000,6,0.332867474830,0.001434444502,6,5.140883696003,0.002901221776,6,0.028268550926,0.000412176482,6,0.499719452058,,1,0.499879612443,0.006461000206,3,0.000280547942,,1,0.004737007576,0.002847350040,3,5.140883696003,0.002901221776,6
C,DP-Diffusion+DP-CR,0.340530303030,0.023967833633,54,0.221296179538,0.048972000177,54,0.816877951925,0.004528227342,54,0.042744340022,0.000754634607,54,0.851851851852,0.358582503199,54,,,0,0.500000000000,0.000000000000,54,,,0,0.816877951925,0.004528227342,54
