dataset,n_pairs,delta_utility_mean,delta_utility_ci95_low,delta_utility_ci95_high,delta_utility_std,delta_utility_n,delta_mia_mean,delta_mia_ci95_low,delta_mia_ci95_high,delta_mia_std,delta_mia_n,delta_knn_mean,delta_knn_ci95_low,delta_knn_ci95_high,delta_knn_std,delta_knn_n,delta_pearson_mad_mean,delta_pearson_mad_ci95_low,delta_pearson_mad_ci95_high,delta_pearson_mad_std,delta_pearson_mad_n,delta_tstr_f1_macro_mean,delta_tstr_f1_macro_ci95_low,delta_tstr_f1_macro_ci95_high,delta_tstr_f1_macro_std,delta_tstr_f1_macro_n
A,2,0.000000000000,0.000000000000,0.000000000000,0.000000000000,2,0.120061145760,-2.658968347664,2.899090639184,0.309308820483,2,0.013810336053,-0.012790615502,0.040411287609,0.002960713072,2,,,,,0,,,,,0
B,2,0.000000000000,0.000000000000,0.000000000000,0.000000000000,2,-0.014138817480,-2.749729168839,2.721451533878,0.304473999612,2,0.058385314941,-0.088665894234,0.205436524117,0.016366949746,2,,,,,0,,,,,0
C,2,0.000000000000,0.000000000000,0.000000000000,0.000000000000,2,0.000000000000,0.000000000000,0.000000000000,0.000000000000,2,0.000000000000,0.000000000000,0.000000000000,0.000000000000,2,,,,,0,,,,,0
ALL,6,0.000000000000,0.000000000000,0.000000000000,0.000000000000,6,0.035307442760,-0.179827293198,0.250442178717,0.205000409533,6,0.024065216998,-0.005620924920,0.053751358917,0.028287720362,6,,,,,0,,,,,0
