dataset,best_dp_method,best_overall_method,best_non_dp_method,dp_utility_mean,dp_utility_std,dp_utility_ci_lo,dp_utility_ci_hi,dp_privacy_mean,dp_privacy_std,dp_privacy_ci_lo,dp_privacy_ci_hi,dp_mia_auc_mean,dp_knn_mia_auc_mean,dp_mia_adv_mean_fix,dp_knn_mia_adv_mean_fix,overall_utility_mean,overall_privacy_mean,overall_mia_auc_mean,overall_knn_mia_auc_mean,overall_mia_adv_mean_fix,overall_knn_mia_adv_mean_fix,delta_dp_vs_best_non_dp_utility,delta_dp_vs_best_non_dp_privacy,winner_label
A,DP-Diffusion+DP-CR,DP-Diffusion+DP-CR,SDV-TVAE,0.541680999885,0.192758276396,0.460615898406,0.632657880404,0.035866028130,0.015332727230,0.033030616482,0.038652520725,0.108624360001,0.535866028130,0.470529121906,0.035866028130,0.541680999885,0.035866028130,0.108624360001,0.535866028130,0.470529121906,0.035866028130,0.041680999885,0.000503954307,DP wins
B,DP-Diffusion,SDV-GaussianCopula,SDV-GaussianCopula,0.500000000000,0.000000000000,0.500000000000,0.500000000000,0.087625427246,0.077038601800,0.042893455505,0.140471229553,0.490359897172,0.587625427246,0.115359897172,0.087625427246,0.577385835384,0.016040852865,0.000000000000,0.516040852865,0.500000000000,0.016040852865,-0.077385835384,0.071584574382,Overall wins
C,DP-Diffusion,DP-Diffusion,SDV-GaussianCopula,0.333333333333,0.000000000000,0.333333333333,0.333333333333,0.499999999999,0.000000000000,0.499999999999,0.499999999999,0.142857142857,0.999999999999,0.500000000000,0.499999999999,0.333333333333,0.499999999999,0.142857142857,0.999999999999,0.500000000000,0.499999999999,0.000000000000,-0.000000000000,DP wins
