dataset,method,utility_main_mean,utility_main_std,utility_main_n,tstr_f1macro_mean,tstr_f1macro_std,tstr_f1macro_n,privacy_main_mean,privacy_main_std,privacy_main_n,pearson_mad_mean,pearson_mad_std,pearson_mad_n,mia_auc_mean,mia_auc_std,mia_auc_n,knn_mia_auc_mean,knn_mia_auc_std,knn_mia_auc_n,mia_adv_fix_mean,mia_adv_fix_std,mia_adv_fix_n,knn_mia_adv_fix_mean,knn_mia_adv_fix_std,knn_mia_adv_fix_n,privacy_adv_primary_mean,privacy_adv_primary_std,privacy_adv_primary_n
A,DP-Diffusion+DP-CR,0.541680999885,0.192758276396,18,0.470228539043,0.218460715478,18,0.035866028130,0.015332727230,114,0.388456145387,0.005198983969,18,0.108624360001,0.283064281999,114,0.535866028130,0.015332727230,114,0.470529121906,0.106296206430,114,0.035866028130,0.015332727230,114,0.035866028130,0.015332727230,114
B,DP-Diffusion,0.500000000000,0.000000000000,4,0.331941544885,0.000000000000,4,0.087625427246,0.077038601800,8,0.028260979846,0.000326397898,4,0.490359897172,0.198815512019,8,0.587625427246,0.077038601800,8,0.115359897172,0.156284292416,8,0.087625427246,0.077038601800,8,0.087625427246,0.077038601800,8
C,DP-Diffusion,0.333333333333,0.000000000000,6,0.170542635659,0.000000000000,6,0.499999999999,0.000000000000,7,0.100677298448,0.028180068968,6,0.142857142857,0.377964473009,7,0.999999999999,0.000000000000,7,0.500000000000,0.000000000000,7,0.499999999999,0.000000000000,7,0.499999999999,0.000000000000,7
