dataset,n_pairs,delta_utility_mean,delta_utility_ci95_low,delta_utility_ci95_high,delta_tstr_balacc_mean,delta_tstr_balacc_ci95_low,delta_tstr_balacc_ci95_high,delta_tstr_f1macro_mean,delta_tstr_f1macro_ci95_low,delta_tstr_f1macro_ci95_high,delta_privacy_mean,delta_privacy_ci95_low,delta_privacy_ci95_high,delta_mia_auc_mean,delta_mia_auc_ci95_low,delta_mia_auc_ci95_high,delta_knn_mia_auc_mean,delta_knn_mia_auc_ci95_low,delta_knn_mia_auc_ci95_high,delta_mia_adv_fix_mean,delta_mia_adv_fix_ci95_low,delta_mia_adv_fix_ci95_high,delta_knn_mia_adv_fix_mean,delta_knn_mia_adv_fix_ci95_low,delta_knn_mia_adv_fix_ci95_high,delta_pearson_mad_mean,delta_pearson_mad_ci95_low,delta_pearson_mad_ci95_high,delta_spearman_mad_mean,delta_spearman_mad_ci95_low,delta_spearman_mad_ci95_high
A,3,-0.136480908153,-0.212368252001,-0.060593564305,-0.136480908153,-0.212368252001,-0.060593564305,-0.070955886194,-0.160295573996,0.018383801608,-0.009344217687,-0.010591553693,-0.008096881681,-0.009344217687,-0.010591553693,-0.008096881681,,,,-0.009344217687,-0.010591553693,-0.008096881681,,,,-0.002583628794,-0.003951244972,-0.001216012616,-0.002583628794,-0.003951244972,-0.001216012616
B,3,0.005136919411,-0.003822797097,0.014096635919,-0.007011992656,-0.021923420951,0.007899435638,0.148974215788,0.136757814248,0.161190617327,-0.000446806383,-0.002733898673,0.001840285907,0.000000000000,0.000000000000,0.000000000000,0.001308831798,-0.001456560272,0.004074223869,0.000000000000,0.000000000000,0.000000000000,-0.000446806383,-0.002733898673,0.001840285907,-0.001481216099,-0.001982713491,-0.000979718708,-0.001481216099,-0.001982713491,-0.000979718708
C,15,-0.000045828247,-0.001070621702,0.000978965208,-0.000045828247,-0.001070621702,0.000978965208,0.000648800772,-0.000170431503,0.001468033046,-0.011747070177,-0.015519321864,-0.007974818490,-0.001440459727,-0.008907632952,0.006026713497,-0.011747070177,-0.015519321864,-0.007974818490,0.000543786641,-0.004442227785,0.005529801068,-0.011747070177,-0.015519321864,-0.007974818490,0.000000000000,0.000000000000,0.000000000000,0.000000000000,0.000000000000,0.000000000000
