dataset,best_dp_method,best_overall_method,best_non_dp_method,dp_utility_mean,dp_utility_std,dp_utility_ci_lo,dp_utility_ci_hi,dp_privacy_mean,dp_privacy_std,dp_privacy_ci_lo,dp_privacy_ci_hi,dp_mia_auc_mean,dp_knn_mia_auc_mean,dp_mia_adv_mean_fix,dp_knn_mia_adv_mean_fix,overall_utility_mean,overall_privacy_mean,overall_mia_auc_mean,overall_knn_mia_auc_mean,overall_mia_adv_mean_fix,overall_knn_mia_adv_mean_fix,delta_dp_vs_best_non_dp_utility,delta_dp_vs_best_non_dp_privacy,winner_label
A,DP-Diffusion+DP-CR,DP-Diffusion+DP-CR,SDV-TVAE,0.541680999885,0.192758276396,0.460595115239,0.629600963192,0.033934423972,0.013322022728,0.031489600083,0.036316813007,0.095662519394,0.521628458297,0.472958437761,0.033934423972,0.541680999885,0.033934423972,0.095662519394,0.521628458297,0.472958437761,0.033934423972,0.041680999885,-0.001392428663,DP wins
B,DP-Diffusion,DP-Diffusion,SDV-CTGAN,0.500000000000,0.000000000000,0.500000000000,0.500000000000,0.004737007576,0.002847350040,0.001517687849,0.006924930028,0.499719452058,0.499879612443,0.000280547942,0.004737007576,0.500000000000,0.004737007576,0.499719452058,0.499879612443,0.000280547942,0.004737007576,0.004043126685,0.002314973685,DP wins
C,DP-Diffusion,DP-Diffusion,SDV-GaussianCopula,0.850149731944,0.002225417292,0.849005492476,0.851184028066,0.009377509367,0.006866079932,0.006197450629,0.012876272410,0.501311177328,0.497954575569,0.007584099031,0.009377509367,0.850149731944,0.009377509367,0.501311177328,0.497954575569,0.007584099031,0.009377509367,0.050978196026,0.000907083778,DP wins
