dataset,method,epsilon,repaired_flag,synth_kind,utility_mean,utility_std,utility_main_n,utility_acc_mean,utility_acc_std,tstr_acc_n,privacy_mean,privacy_std,privacy_main_n,mia_auc_mean,mia_auc_std,mia_auc_n,knn_mia_auc_mean,knn_mia_auc_std,knn_mia_auc_n,mia_adv_fix_mean,mia_adv_fix_std,mia_adv_fix_n,knn_mia_adv_fix_mean,knn_mia_adv_fix_std,knn_mia_adv_fix_n,corr_mean,corr_std,pearson_mad_n,n_seeds,utility_winner,privacy_winner,pareto_winner,delta_vs_baseline_utility,delta_vs_baseline_privacy
B,DP-Diffusion,3.000000000000,,,0.500000000000,0.000000000000,3,0.496875000000,0.000000000000,3,0.004737007576,0.002847350040,3,0.499719452058,,1,0.499879612443,0.006461000206,3,0.000280547942,,1,0.004737007576,0.002847350040,3,0.028261918733,0.000622303640,3,3,1,0,0,0.004043126685,0.002314973685
B,DP-Diffusion+DP-CR,5.000000000000,False,,0.500000000000,0.000000000000,3,0.496875000000,0.000000000000,3,0.003138155622,0.001865134725,3,0.500371330781,0.002159715794,3,0.498100117891,0.003582796473,3,0.001483266224,0.001253428937,3,0.003138155622,0.001865134725,3,0.028261918733,0.000622303640,3,3,1,0,1,0.004043126685,0.000716121732
B,DP-Diffusion+DP-CR,5.000000000000,True,,0.492988007344,0.013177220112,3,0.493750000000,0.013621559199,3,0.001439347779,0.000942880196,3,0.500371330781,0.002159715794,3,0.501439347779,0.000942880196,3,0.001483266224,0.001253428937,3,0.001439347779,0.000942880196,3,0.026780702634,0.000184186346,3,3,0,1,1,-0.002968865971,-0.000982686112
B,SDV-CTGAN,,,,0.495956873315,0.010146340256,5,0.495000000000,0.010504835196,5,0.002422033890,0.001623675226,5,0.000000000000,0.000000000000,2,0.502422033890,0.001623675226,5,0.500000000000,0.000000000000,2,0.002422033890,0.001623675226,5,0.038968147145,0.001902718702,5,5,0,0,1,0.000000000000,0.000000000000
B,SDV-GaussianCopula,,,,0.457967108090,0.000000000000,5,0.459375000000,0.000000000000,5,0.003056949979,0.000676919242,5,0.000000000000,,1,0.503056949979,0.000676919242,5,0.500000000000,,1,0.003056949979,0.000676919242,5,0.031081046870,0.000000000000,5,5,0,0,0,-0.037989765225,0.000634916088
B,SDV-TVAE,,,,0.480124223602,0.038671083694,5,0.480625000000,0.038616200454,5,0.002552559434,0.000771697538,5,0.000000000000,,1,0.501370670390,0.002528150514,5,0.500000000000,,1,0.002552559434,0.000771697538,5,0.048764969555,0.000571651935,5,5,0,0,0,-0.015832649713,0.000130525543
