dataset,method,utility_main_mean,utility_main_std,utility_main_n,tstr_f1macro_mean,tstr_f1macro_std,tstr_f1macro_n,privacy_main_mean,privacy_main_std,privacy_main_n,pearson_mad_mean,pearson_mad_std,pearson_mad_n,mia_auc_mean,mia_auc_std,mia_auc_n,knn_mia_auc_mean,knn_mia_auc_std,knn_mia_auc_n,mia_adv_fix_mean,mia_adv_fix_std,mia_adv_fix_n,knn_mia_adv_fix_mean,knn_mia_adv_fix_std,knn_mia_adv_fix_n,privacy_adv_primary_mean,privacy_adv_primary_std,privacy_adv_primary_n
A,DP-Diffusion+DP-CR,0.541680999885,0.192758276396,18,0.470228539043,0.218460715478,18,0.033934423972,0.013322022728,114,0.388456145387,0.005198983969,18,0.095662519394,0.268153468356,112,0.521628458297,0.029449654329,114,0.472958437761,0.105655320000,112,0.033934423972,0.013322022728,114,0.033934423972,0.013322022728,114
B,DP-Diffusion,0.500000000000,0.000000000000,3,0.331941544885,0.000000000000,3,0.004737007576,0.002847350040,3,0.028261918733,0.000622303640,3,0.499719452058,,1,0.499879612443,0.006461000206,3,0.000280547942,,1,0.004737007576,0.002847350040,3,0.004737007576,0.002847350040,3
C,DP-Diffusion,0.850149731944,0.002225417292,15,0.842504515643,0.001632150141,15,0.009377509367,0.006866079932,15,0.104423714830,0.000667270017,15,0.501311177328,0.010140277887,15,0.497954575569,0.011699546888,15,0.007584099031,0.006560502576,15,0.009377509367,0.006866079932,15,0.009377509367,0.006866079932,15
