generated_at,eps_equal,eps_near,n_rows_total,n_both,n_exact_equal,frac_exact_equal,n_near_equal,frac_near_equal,p0,p25,p50,p75,p90,p99,p100
2026-01-18T14:25:09.416666,0.000000001000,0.000001000000,60,45,0,0.000000000000,0,0.000000000000,0.000469179731,0.006605609670,0.010305257487,0.013058625308,0.016214997368,0.033930364085,0.040636626498
