dataset,method,epsilon,repaired_flag,n_rows,n_both,n_exact_equal,frac_exact_equal,n_near_equal,frac_near_equal,mia_mean,knn_mean,delta_abs_mean,delta_abs_median
D,DP-Diffusion,0.700000000000,,5.000000000000,5.000000000000,0.000000000000,0.000000000000,0.000000000000,0.000000000000,0.505866061134,0.516167068165,0.010301007031,0.011380606709
D,DP-Diffusion,3.000000000000,,5.000000000000,5.000000000000,0.000000000000,0.000000000000,0.000000000000,0.000000000000,0.494321794368,0.513992812934,0.019671018565,0.020012227755
D,DP-Diffusion,5.000000000000,,5.000000000000,5.000000000000,0.000000000000,0.000000000000,0.000000000000,0.000000000000,0.503745676481,0.512446907183,0.010523532961,0.009374013134
D,DP-Diffusion+DP-CR,1.000000000000,False,5.000000000000,5.000000000000,0.000000000000,0.000000000000,0.000000000000,0.000000000000,0.502923161926,0.502704105823,0.005886687375,0.004959101207
D,DP-Diffusion+DP-CR,1.000000000000,True,5.000000000000,5.000000000000,0.000000000000,0.000000000000,0.000000000000,0.000000000000,0.502923161926,0.502704105823,0.005886687375,0.004959101207
D,DP-Diffusion+DP-CR,5.000000000000,False,5.000000000000,5.000000000000,0.000000000000,0.000000000000,0.000000000000,0.000000000000,0.497679432026,0.502240378798,0.009628647843,0.008769256052
D,DP-Diffusion+DP-CR,5.000000000000,True,5.000000000000,5.000000000000,0.000000000000,0.000000000000,0.000000000000,0.000000000000,0.497679432026,0.502240378798,0.009628647843,0.008769256052
D,DP-Diffusion+DP-CR,7.000000000000,False,5.000000000000,5.000000000000,0.000000000000,0.000000000000,0.000000000000,0.000000000000,0.499009558849,0.502421093130,0.010936909592,0.010787773025
D,DP-Diffusion+DP-CR,7.000000000000,True,5.000000000000,5.000000000000,0.000000000000,0.000000000000,0.000000000000,0.000000000000,0.499009558849,0.502421093130,0.010936909592,0.010787773025
