Dataset,KS_mean,KS_std,Correlation_diff,NN_mean,NN_std,NN_min,Model
A_StudentsPerformance,0.1750631578947368,0.2255697295996631,0.0742102413969216,6.3108026646861495,1.1538328985887547,2.165362929739994,SDV (Gaussian Copula)
B_StudentInfo,0.289695246471671,0.3850336385770656,0.0463352441879956,9.908410694920436,0.1989431612645223,8.851490861260775,SDV (Gaussian Copula)
C_StudentMat,0.2970519898525448,0.3536778467875334,0.094495923106402,10.0,0.0,10.0,SDV (Gaussian Copula)
A_StudentsPerformance,0.5912789473684211,0.0706896894063459,0.0935690996696863,1.762519104577574,0.0005778247810707,1.761158421304629,Diffusion (DDPM)
B_StudentInfo,0.7272215760798826,0.1260545692079442,0.0714310215474241,3.1551969013007097,0.00129901874255,3.1512215558359045,Diffusion (DDPM)
C_StudentMat,0.5727413281101914,0.0556305443302262,0.0929836840604155,9.82906467398397,0.0223488976429272,9.825988742967484,Diffusion (DDPM)
