dataset,epsilon_train,n_pairs,delta_utility_mean,delta_utility_ci95_low,delta_utility_ci95_high,delta_utility_std,delta_privacy_mean,delta_privacy_ci95_low,delta_privacy_ci95_high,delta_privacy_std
A,0.500000000000,14,0.065642046292,-0.008592203497,0.139876296082,0.141713841366,0.000637216002,-0.010004393601,0.011278825606,0.020314927133
A,0.700000000000,3,0.000000000000,0.000000000000,0.000000000000,0.000000000000,-0.002435293644,-0.021108795305,0.016238208016,0.016501762057
A,1.000000000000,14,0.027624207578,-0.001268089735,0.056516504890,0.055155651868,0.013639225766,0.002948527886,0.024329923647,0.020408637089
A,3.000000000000,16,0.019962590299,-0.002849219080,0.042774399678,0.046554713018,0.002152895182,-0.011294824842,0.015600615205,0.027444326578
A,4.000000000000,14,0.060205661212,-0.007715494547,0.128126816971,0.129662088859,0.008463867373,-0.006614298412,0.023542033157,0.028784352238
