Dataset,Method,Epsilon,KS_mean,Correlation_diff,NN_mean
A_StudentsPerformance,Non-Private Diffusion,inf,0.5912789473684211,0.0935690996696863,1.762519104577574
B,DP-Diffusion,1.0,0.5155731707317073,0.0394835916633709,6.067313905972445
B_StudentInfo,Non-Private Diffusion,inf,0.7272215760798826,0.0714310215474241,3.1551969013007097
C_StudentMat,Non-Private Diffusion,inf,0.5727413281101914,0.0929836840604155,9.82906467398397
