Dataset,Epsilon,Uniform_MIA_AUC,Adaptive_MIA_AUC,Privacy_Improvement,Uniform_Utility,Adaptive_Utility,Utility_Change,Budget_Variance,Winner
A,0.1,0.49409344359993795,0.539511141651124,-0.04541769805118606,0.3426195311116557,0.35686931470699396,0.014249783595338239,0.0,adaptive
A,1.0,0.5147515020898642,0.5281296191946167,-0.013378117104752452,0.5601666811615187,0.5110752810817041,-0.04909140007981461,0.0,uniform
A,10.0,0.4761142857142857,0.5306489010809575,-0.05453461536667181,0.7192531378419392,0.7189280175369044,-0.0003251203050348428,1.232595164407831e-32,uniform
B,0.1,0.46363476199628423,0.5069460277841111,-0.0433112657878269,0.33573951613169656,0.3701517891914526,0.03441227305975603,0.0,adaptive
B,1.0,0.49995598873311564,0.5051040015372051,-0.005148012804089497,0.4624252084349662,0.46557820717457826,0.0031529987396120562,0.0,adaptive
B,10.0,0.48139766307139187,0.5024488308484608,-0.021051167777068946,0.6632510693567498,0.6616262414467929,-0.001624827909956883,0.0,uniform
C,0.1,0.5923076923076923,0.4704090742004936,0.12189861810719871,0.3314299856999548,0.3392715810138631,0.007841595313908323,0.0,adaptive
C,1.0,0.520426941479573,0.4984772106700273,0.02194973080954571,0.3764295090163338,0.36935174463353154,-0.007077764382802276,0.0,adaptive
C,10.0,0.4308219178082192,0.4823374572255857,-0.051515539417366474,0.649470827362712,0.646613262565962,-0.002857564796750034,0.0,uniform
