Dataset,Num_Features,Min_Epsilon,Max_Epsilon,Mean_Epsilon,Std_Epsilon,Budget_Variance,High_Risk_Features,Medium_Risk_Features,Low_Risk_Features,Max_Sensitivity,Mean_Sensitivity
A,15,0.06100543506540441,0.0682780964752619,0.06666666666666667,0.0023674959313428703,5.6050369849250456e-06,15,0,0,0.453265106378946,0.1720228984257126
B,41,0.024390243902439025,0.024390243902439025,0.024390243902439025,0.0,0.0,41,0,0,0.4730911463078078,0.17513098018232687
C,41,0.024390243902439025,0.024390243902439025,0.024390243902439025,0.0,0.0,41,0,0,0.4398068165170424,0.11961859315936264
