Dataset,Epsilon,Delta,DP-CTGAN_MIA_Mean,DP-CTGAN_MIA_Std,DP-CTGAN_Utility,DP-Diffusion_MIA_Mean,DP-Diffusion_MIA_Std,DP-Diffusion_Utility,Privacy_Winner,Utility_Winner
A,0.1,1e-05,1.0,0.0,0.0882755043174938,1.0,0.0,0.10773787856918493,DP-CTGAN,DP-Diffusion
A,1.0,1e-05,0.9077328962787651,0.003321668934508378,0.6492992455283119,0.8212911197340209,0.003000083879974838,0.7183552732458447,DP-Diffusion,DP-Diffusion
A,10.0,1e-05,0.4132779360265591,0.003771526295014001,0.984839204595304,0.4130165320952896,0.003770055590348459,0.98895081144194,DP-Diffusion,DP-Diffusion
B,0.1,1e-05,1.0,0.0,0.08843416997785883,1.0,0.0,0.1068969781172606,DP-CTGAN,DP-Diffusion
B,1.0,1e-05,0.9902504747709232,0.000377972581821597,0.6461204971792396,0.9578775607169271,0.0008274047295881926,0.7156091445411804,DP-Diffusion,DP-Diffusion
B,10.0,1e-05,0.39006137940401553,0.010090881428127429,0.9851195519629037,0.3894599316008749,0.010036270753759567,0.989295170999667,DP-Diffusion,DP-Diffusion
C,0.1,1e-05,1.0,0.0,0.0861118191726156,1.0,0.0,0.105860342093971,DP-CTGAN,DP-Diffusion
C,1.0,1e-05,0.9873976055450536,0.0012061588556327443,0.6383406422221285,0.9508769166141566,0.0038534953770636743,0.7072349862933672,DP-Diffusion,DP-Diffusion
C,10.0,1e-05,0.312631274942239,0.016188750083875984,0.9794636598215584,0.3113841629909683,0.016033276772622437,0.9842638050938489,DP-Diffusion,DP-Diffusion
