Dataset,Total_Epsilon,Uniform_MIA_Mean,Uniform_MIA_Std,Adaptive_MIA_Mean,Adaptive_MIA_Std,Privacy_Improvement,Epsilon_Min,Epsilon_Median,Epsilon_Max,Budget_Variance,Top_Sensitive_Features
A,0.1,1.0,0.0,1.0,0.0,0.0,0.006666666666666667,0.006666666666666667,0.006666666666666667,0.0,"feature_10, feature_5, feature_12"
A,1.0,1.0,0.0,1.0,0.0,0.0,0.06666666666666667,0.06666666666666667,0.06666666666666667,0.0,"feature_10, feature_5, feature_12"
A,10.0,0.9800640384091911,0.0011350754388679822,0.986970605435365,0.0005149627685413636,-0.006906567026173871,0.6666666666666666,0.6666666666666666,0.6666666666666666,1.232595164407831e-32,"feature_10, feature_5, feature_12"
B,0.1,1.0,0.0,1.0,0.0,0.0,0.0024390243902439024,0.0024390243902439024,0.0024390243902439024,0.0,"feature_18, feature_11, feature_36"
B,1.0,1.0,0.0,1.0,0.0,0.0,0.024390243902439025,0.024390243902439025,0.024390243902439025,0.0,"feature_18, feature_11, feature_36"
B,10.0,1.0,0.0,1.0,0.0,0.0,0.24390243902439024,0.24390243902439024,0.24390243902439024,0.0,"feature_18, feature_11, feature_36"
C,0.1,1.0,0.0,1.0,0.0,0.0,0.0024390243902439024,0.0024390243902439024,0.0024390243902439024,0.0,"feature_6, feature_12, feature_27"
C,1.0,1.0,0.0,1.0,0.0,0.0,0.024390243902439025,0.024390243902439025,0.024390243902439025,0.0,"feature_6, feature_12, feature_27"
C,10.0,1.0,0.0,1.0,0.0,0.0,0.24390243902439024,0.24390243902439024,0.24390243902439024,0.0,"feature_6, feature_12, feature_27"
