Dataset,KLD_mean,KLD_std,JSD_mean,JSD_std,WD_mean,WD_std,CHI_p_mean,CHI_p_std,TSTR_metric,AUC_real,AUC_synth,Utility_loss,k_min,k_median,eps,delta_presence,delta_threshold,identifiability,MIA_AUC,Utility_AUC,Utility_KLD,Privacy_MIA,Privacy_Delta,Privacy_Index
a_studentsperformance,11.786991459294931,0.2693566945188862,0.7319265926703238,0.0118751751676773,7655.7107902503185,13890.622490346195,0.0,0.0,AUC,0.998977368725268,0.5308790182739762,0.4680983504512916,0,0.0,5203.716746313613,0.05,3474.057523518455,0.0033333333333333,0.3300888888888889,0.5308790182739762,0.0782044786049415,0.6699111111111111,0.95,0.8099555555555555
b_studentinfo,0.0111519069835016,0.0667288573807187,0.0100011861011801,0.0336952998358302,509.5141866747723,3220.633885643765,5.848969550719775e-45,3.699213149049245e-44,AUC,0.6636019820888146,0.5165451335146789,0.1470568485741357,0,0.0,33.67354430280727,0.05,31.26470474138851,0.001,1.100000000000001e-05,0.5165451335146789,0.9889710864347077,0.999989,0.95,0.9749945
c_studentmat,11.303714127193224,0.1033656511248637,0.7296177606390711,0.0061725732085093,11190.66352477456,15656.384783841662,0.0,0.0,AUC,0.948397435897436,0.4211538461538462,0.5272435897435896,0,0.0,83000.99904100705,0.0504201680672268,74219.4421743486,0.0084033613445378,0.1764705882352941,0.4211538461538462,0.08127627069860442,0.8235294117647058,0.9495798319327732,0.8865546218487395
