dataset,method,epsilon,repaired_flag,n_rows,n_both,n_exact_equal,frac_exact_equal,n_near_equal,frac_near_equal,mia_mean,knn_mean,delta_abs_mean,delta_abs_median
B,DP-Diffusion,3.000000000000,,3.000000000000,3.000000000000,0.000000000000,0.000000000000,0.000000000000,0.000000000000,0.500371330781,0.500907671679,0.003959544122,0.005097135608
B,DP-Diffusion+DP-CR,5.000000000000,False,3.000000000000,3.000000000000,0.000000000000,0.000000000000,0.000000000000,0.000000000000,0.500371330781,0.502216503477,0.003302983847,0.002482389599
B,DP-Diffusion+DP-CR,5.000000000000,True,3.000000000000,3.000000000000,0.000000000000,0.000000000000,0.000000000000,0.000000000000,0.500371330781,0.502216503477,0.003302983847,0.002482389599
