generated_at,eps_equal,eps_near,n_rows_total,n_both,n_exact_equal,frac_exact_equal,n_near_equal,frac_near_equal,p0,p25,p50,p75,p90,p99,p100
2026-01-19T10:51:47.237363,0.000000001000,0.000001000000,24,9,0,0.000000000000,0,0.000000000000,0.000037669229,0.002186716726,0.002482389599,0.005239845215,0.005540641678,0.006623508945,0.006743827530
