generated_at,eps_equal,eps_near,n_rows_total,n_both,n_exact_equal,frac_exact_equal,n_near_equal,frac_near_equal,p0,p25,p50,p75,p90,p99,p100
2026-01-23T12:54:01.544569,0.000000001000,0.000001000000,375,113,0,0.000000000000,0,0.000000000000,0.000345655277,0.007812733993,0.025276053617,0.040321458761,0.501274391872,0.536865112909,0.538069073783
