dataset,n_pairs,delta_utility_mean,delta_utility_ci95_low,delta_utility_ci95_high,delta_utility_std,delta_utility_n,delta_mia_mean,delta_mia_ci95_low,delta_mia_ci95_high,delta_mia_std,delta_mia_n,delta_knn_mean,delta_knn_ci95_low,delta_knn_ci95_high,delta_knn_std,delta_knn_n,delta_pearson_mad_mean,delta_pearson_mad_ci95_low,delta_pearson_mad_ci95_high,delta_pearson_mad_std,delta_pearson_mad_n,delta_tstr_f1_macro_mean,delta_tstr_f1_macro_ci95_low,delta_tstr_f1_macro_ci95_high,delta_tstr_f1_macro_std,delta_tstr_f1_macro_n
D,15,-0.000045828247,-0.001167238124,0.001075581631,0.002025004073,15,0.000543786641,-0.004912303853,0.005999877136,0.009852423897,15,-0.011747070177,-0.015874965688,-0.007619174666,0.007454014266,15,0.000000000000,0.000000000000,0.000000000000,0.000000000000,15,0.000648800772,-0.000247667839,0.001545269382,0.001618812732,15
ALL,15,-0.000045828247,-0.001167238124,0.001075581631,0.002025004073,15,0.000543786641,-0.004912303853,0.005999877136,0.009852423897,15,-0.011747070177,-0.015874965688,-0.007619174666,0.007454014266,15,0.000000000000,0.000000000000,0.000000000000,0.000000000000,15,0.000648800772,-0.000247667839,0.001545269382,0.001618812732,15
