dataset,method,epsilon,repaired_flag,synth_kind,utility_mean,utility_std,utility_main_n,utility_acc_mean,utility_acc_std,tstr_acc_n,mia_auc_mean,mia_auc_std,mia_auc_n,knn_mia_auc_mean,knn_mia_auc_std,knn_mia_auc_n,mia_adv_fix_mean,mia_adv_fix_std,mia_adv_fix_n,knn_mia_adv_fix_mean,knn_mia_adv_fix_std,knn_mia_adv_fix_n,corr_mean,corr_std,pearson_mad_n,n_seeds,utility_winner,privacy_winner,pareto_winner,delta_vs_baseline_utility,delta_vs_baseline_privacy
D,DP-Diffusion,0.700000000000,,,0.848861010039,0.002653034635,5,0.860338983051,0.001713644168,5,,,0,0.516167068165,0.010053314072,5,,,0,0.016167068165,0.010053314072,5,0.104478409149,0.000654995931,5,1,0,0,0,0.049689474121,
D,DP-Diffusion,3.000000000000,,,0.851184028066,0.001519252329,5,0.861920903955,0.000505326097,5,,,0,0.513992812934,0.008765306505,5,,,0,0.013992812934,0.008765306505,5,0.104310165829,0.000815685198,5,1,0,0,0,0.052012492148,
D,DP-Diffusion,5.000000000000,,,0.850404157728,0.002119631018,5,0.861920903955,0.000945378561,5,,,0,0.512446907183,0.004302525924,5,,,0,0.012446907183,0.004302525924,5,0.104482569512,0.000663192700,5,1,0,0,0,0.051232621810,
D,DP-Diffusion+DP-CR,1.000000000000,False,,0.849758809098,0.002858577275,5,0.862372881356,0.001237791090,5,,,0,0.515863493630,0.009421133070,5,,,0,0.015863493630,0.009421133070,5,0.104478409149,0.000654995931,5,1,0,0,0,0.050587273180,
D,DP-Diffusion+DP-CR,5.000000000000,False,,0.851648039065,0.002287695359,5,0.862824858757,0.000618895545,5,,,0,0.511579733814,0.008922892058,5,,,0,0.011579733814,0.008922892058,5,0.104310165829,0.000815685198,5,1,1,0,0,0.052476503147,
D,DP-Diffusion+DP-CR,7.000000000000,False,,0.848904862930,0.001970213887,5,0.861468926554,0.000618895545,5,0.489198468285,,1,0.513107057278,0.006288616299,5,0.010801531715,,1,0.013107057278,0.006288616299,5,0.104482569512,0.000663192700,5,1,0,0,0,0.049733327012,
D,SDV-CTGAN,,,,0.724146942742,0.022648375790,5,0.795706214689,0.005263645062,5,,,0,0.503944074342,0.001639733665,5,,,0,0.003944074342,0.001639733665,5,0.104120005082,0.003542059388,5,1,0,0,0,-0.075024593176,
D,SDV-GaussianCopula,,,,0.799171535918,0.000000000000,5,0.788700564972,0.000000000000,5,,,0,0.500823271919,0.000000000000,5,,,0,0.000823271919,0.000000000000,5,0.051554415314,0.000000000000,5,1,0,0,0,0.000000000000,
D,SDV-TVAE,,,,0.771244948028,0.031891397407,5,0.819661016949,0.018352453185,5,,,0,0.506737228270,0.000981511461,5,,,0,0.006737228270,0.000981511461,5,0.060975963537,0.006143069432,5,1,0,0,0,-0.027926587889,
