dataset,method,utility_main_mean,utility_main_std,utility_main_n,tstr_f1macro_mean,tstr_f1macro_std,tstr_f1macro_n,privacy_main_mean,privacy_main_std,privacy_main_n,pearson_mad_mean,pearson_mad_std,pearson_mad_n,mia_auc_mean,mia_auc_std,mia_auc_n,knn_mia_auc_mean,knn_mia_auc_std,knn_mia_auc_n,mia_adv_fix_mean,mia_adv_fix_std,mia_adv_fix_n,knn_mia_adv_fix_mean,knn_mia_adv_fix_std,knn_mia_adv_fix_n,privacy_adv_primary_mean,privacy_adv_primary_std,privacy_adv_primary_n
D,DP-Diffusion,0.850149731944,0.002225417292,15,0.842504515643,0.001632150141,15,0.014202262761,0.007655874582,15,0.104423714830,0.000667270017,15,,,0,0.514202262761,0.007655874582,15,,,0,0.014202262761,0.007655874582,15,0.014202262761,0.007655874582,15
D,DP-Diffusion+DP-CR,0.850103903697,0.002519250778,15,0.843153316414,0.001352443732,15,0.013516761574,0.007922955849,15,0.104423714830,0.000667270017,15,0.489198468285,,1,0.513516761574,0.007922955849,15,0.010801531715,,1,0.013516761574,0.007922955849,15,0.013516761574,0.007922955849,15
D,SDV-CTGAN,0.724146942742,0.022648375790,5,0.739344526349,0.017498627220,5,0.003944074342,0.001639733665,5,0.104120005082,0.003542059388,5,,,0,0.503944074342,0.001639733665,5,,,0,0.003944074342,0.001639733665,5,0.003944074342,0.001639733665,5
D,SDV-GaussianCopula,0.799171535918,0.000000000000,5,0.772227735105,0.000000000000,5,0.000823271919,0.000000000000,5,0.051554415314,0.000000000000,5,,,0,0.500823271919,0.000000000000,5,,,0,0.000823271919,0.000000000000,5,0.000823271919,0.000000000000,5
D,SDV-TVAE,0.771244948028,0.031891397407,5,0.780986570387,0.027345261649,5,0.006737228270,0.000981511461,5,0.060975963537,0.006143069432,5,,,0,0.506737228270,0.000981511461,5,,,0,0.006737228270,0.000981511461,5,0.006737228270,0.000981511461,5
