Dataset,Method,Epsilon,KS_mean,KS_std,Correlation_diff,NN_mean,NN_std,NN_min
B,SDV Gaussian Copula,inf,0.2897178702683443,0.38799795776900925,0.04264952351059071,8.712995613643518,0.4800516475479738,7.510497777018962
B,CTGAN,inf,0.044444722098887994,0.036541424001759804,0.04595298418595528,4.705667007357238,1.1243576489683464,0.03533326905520531
B,Non-Private Diffusion,inf,0.6791301617867886,0.1388277307955706,0.07784031455632152,3.1015311214701273,0.0017576884736957908,3.0957597124010676
B,DP-CTGAN,1.0,0.9342750525071216,0.10269276466387191,0.8446427549206739,9.641566788381864,0.574171677545561,7.292836434105743
B,DP-Diffusion,0.13,0.5176658536585366,0.01146901679406245,0.03949139755203734,6.352596656132719,6.915031511750039e-05,6.352371632091097
