Dataset,Method,Epsilon,KS_mean,KS_std,Correlation_diff,NN_mean,NN_std,NN_min
C,SDV Gaussian Copula,inf,0.2078467016806723,0.2503414937336867,0.08872146576596762,10.0,0.0,10.0
C,CTGAN,inf,0.34873355492780356,0.10972972901209131,0.11159682061094331,5.8341790794255495,0.950806092672926,2.9682489159677714
C,Non-Private Diffusion,inf,0.5415829268292683,0.03840714429500175,0.10587075816272572,4.727455536893043,6.176704129575866e-05,4.727301627225549
C,DP-CTGAN,1.0,0.8798984832957574,0.14579190213834775,0.7154057421536423,10.0,0.0,10.0
