Dataset,Method,Epsilon,KS_mean,KS_std,Correlation_diff,NN_mean,NN_std,NN_min
A,SDV Gaussian Copula,inf,0.09071904761904762,0.13420746538167067,0.06915640822672288,6.279748052301217,1.3429622710296014,0.4549118564761622
A,CTGAN,inf,0.3305079365079365,0.14350514057562586,0.05781465937476592,1.6890567213264873,0.7957979143103239,0.41065986762119105
A,Non-Private Diffusion,inf,0.6121666666666667,0.09244478472159595,0.18001287844646507,1.660928516418883,0.0005473628771382869,1.6590903655860165
A,DP-CTGAN,1.0,0.8688933333333334,0.13696039881821476,0.6679479549627207,10.0,0.0,10.0
A,DP-Diffusion,0.13,0.5180266666666665,0.009702677751814472,0.12085507513090728,2.0925387195057747,4.9765787897969445e-05,2.092411908688686
