Dataset,KS_mean,KS_std,Correlation_diff,NN_mean,NN_std,NN_min
A_StudentsPerformance,0.5912789473684211,0.0706896894063459,0.09356909966968635,1.7625191045775739,0.0005778247810707439,1.761158421304629
B_StudentInfo,0.7272215760798826,0.1260545692079442,0.07143102154742415,3.1551969013007097,0.0012990187425500866,3.1512215558359045
C_StudentMat,0.5727413281101914,0.05563054433022622,0.09298368406041557,9.82906467398397,0.022348897642927298,9.825988742967485
