Dataset,Epsilon,Method,KS_mean,KS_std,Correlation_diff,NN_mean,NN_std,NN_min
B,1.0,DP-Diffusion,0.5155731707317073,0.009744242187062001,0.03948359166337097,6.067313905972445,6.730373801468721e-05,6.067101549971483
