Dataset,k_min,k_median,eps,delta_presence,delta_threshold,identifiability,MIA_AUC
A_StudentsPerformance,0,0.0,5203.716746313613,0.05,3474.057523518455,0.0033333333333333335,0.3300888888888889
B_StudentInfo,0,0.0,33.67354430280727,0.05,31.26470474138851,0.001,1.100000000000001e-05
C_StudentMat,0,0.0,83000.99904100705,0.05042016806722689,74219.4421743486,0.008403361344537815,0.17647058823529416
