Dataset,KLD_mean,KLD_std,JSD_mean,JSD_std,WD_mean,WD_std,CHI_p_mean,CHI_p_std,TSTR_metric,AUC_real,AUC_synth,Utility_loss
A_StudentsPerformance,11.786991459294931,0.2693566945188862,0.7319265926703238,0.011875175167677372,7655.7107902503185,13890.622490346197,0.0,0.0,AUC,0.9989773687252679,0.5308790182739762,0.46809835045129167
B_StudentInfo,0.01115190698350168,0.06672885738071875,0.010001186101180193,0.03369529983583025,509.5141866747723,3220.633885643765,5.848969550719775e-45,3.699213149049245e-44,AUC,0.6636019820888146,0.5165451335146789,0.1470568485741357
C_StudentMat,11.303714127193224,0.10336565112486379,0.7296177606390711,0.006172573208509335,11190.66352477456,15656.384783841662,0.0,0.0,AUC,0.9483974358974359,0.4211538461538462,0.5272435897435896
