Dataset,Method,Epsilon,MIA_AUC,Identifiability,NN_Distance,Delta_Presence
B,SDV Gaussian Copula,inf,1.0,0.0292,21.822285603613345,0.05
B,CTGAN,inf,0.8936266666666668,0.3072,4.601271534558089,0.05
B,Non-Private Diffusion,inf,1.0,0.0002,1991.1637091150894,0.05
B,DP-CTGAN,1.0,1.0,0.0036,8.725194176506125,0.05
B,DP-Diffusion,0.13,1.0,0.0002,91520.20352855351,0.05
B,DP-Diffusion,4.63,1.0,0.0002,69141.97082679496,0.05
