Dataset,KS_mean,KS_std,Correlation_diff,NN_mean,NN_std,NN_min
A_StudentsPerformance,0.17506315789473684,0.22556972959966312,0.07421024139692164,6.3108026646861495,1.1538328985887547,2.165362929739994
B_StudentInfo,0.28969524647167105,0.3850336385770656,0.0463352441879956,9.908410694920436,0.1989431612645223,8.851490861260775
C_StudentMat,0.2970519898525448,0.3536778467875334,0.09449592310640201,10.0,0.0,10.0
